day,carrier,phase,file,start,end,duration_min,size_mb,device,passes_paper_filter
20251005,carrier-A,01 Measurement with Uplink Traffic,test_10051514.UE1.json,2025-10-05T14:49:43.618212-04:00,2025-10-05T15:14:36.966979-04:00,24.9,9.8,motorola motorola edge 2024,no
20251005,carrier-A,01 Measurement with Uplink Traffic,test_10051608.UE1.json,2025-10-05T15:14:40.278022-04:00,2025-10-05T16:08:45.814058-04:00,54.1,71.7,motorola motorola edge 2024,yes
20251005,carrier-A,02 Measurement with Downlink Traffic-not enough data,test_10051630.UE1.json,2025-10-05T16:09:12.046658-04:00,2025-10-05T16:30:20.045785-04:00,21.1,7.7,motorola motorola edge 2024,no
20251005,carrier-A,02 Measurement with Downlink Traffic-not enough data,test_10051726.UE1.json,2025-10-05T16:30:22.790315-04:00,2025-10-05T17:26:52.197125-04:00,56.5,93.1,motorola motorola edge 2024,yes
20251005,carrier-B,01 Measurement with Uplink Traffic,test_10051514.UE1.json,2025-10-05T14:49:40.467685-04:00,2025-10-05T15:14:35.775441-04:00,24.9,12.6,motorola motorola edge 2024,no
20251005,carrier-B,01 Measurement with Uplink Traffic,test_10051608.UE1.json,2025-10-05T15:14:39.250340-04:00,2025-10-05T16:08:43.613533-04:00,54.1,38.8,motorola motorola edge 2024,yes
20251005,carrier-B,02 Measurement with Downlink Traffic-not enough data,test_10051630.UE1.json,2025-10-05T16:09:03.643735-04:00,2025-10-05T16:30:18.155779-04:00,21.2,5.9,motorola motorola edge 2024,no
20251005,carrier-B,02 Measurement with Downlink Traffic-not enough data,test_10051726.UE1.json,2025-10-05T16:30:20.511652-04:00,2025-10-05T17:26:54.943849-04:00,56.6,56.4,motorola motorola edge 2024,yes
20251005,carrier-C,01 Measurement with Uplink Traffic,test_10051514.UE1.json,2025-10-05T14:49:41.127710-04:00,2025-10-05T15:14:35.928388-04:00,24.9,12.9,motorola motorola edge 2024,no
20251005,carrier-C,01 Measurement with Uplink Traffic,test_10051608.UE1.json,2025-10-05T15:14:39.011699-04:00,2025-10-05T16:08:44.681242-04:00,54.1,67.6,motorola motorola edge 2024,yes
20251005,carrier-C,02 Measurement with Downlink Traffic-not enough data,test_10051630.UE1.json,2025-10-05T16:09:02.871348-04:00,2025-10-05T16:30:19.003123-04:00,21.3,8.6,motorola motorola edge 2024,no
20251005,carrier-C,02 Measurement with Downlink Traffic-not enough data,test_10051726.UE1.json,2025-10-05T16:30:21.357245-04:00,2025-10-05T17:26:52.717405-04:00,56.5,59.3,motorola motorola edge 2024,yes
20251005,carrier-D,01 Measurement with Uplink Traffic,test_10051514.UE1.json,2025-10-05T14:49:37.386067-04:00,2025-10-05T15:14:34.609670-04:00,25.0,7.3,motorola motorola edge 2024,no
20251005,carrier-D,01 Measurement with Uplink Traffic,test_10051608.UE1.json,2025-10-05T15:14:37.173547-04:00,2025-10-05T16:08:44.091716-04:00,54.1,25.2,motorola motorola edge 2024,yes
20251005,carrier-D,02 Measurement with Downlink Traffic-not enough data,test_10051630.UE1.json,2025-10-05T16:08:58.026186-04:00,2025-10-05T16:30:18.399457-04:00,21.3,6.2,motorola motorola edge 2024,no
20251005,carrier-D,02 Measurement with Downlink Traffic-not enough data,test_10051726.UE1.json,2025-10-05T16:30:20.628616-04:00,2025-10-05T17:26:53.708333-04:00,56.6,23.7,motorola motorola edge 2024,yes
20251207,carrier-A,,test_12071505.UE1.json,2025-12-07T15:00:31.790433-05:00,2025-12-07T15:05:51.805751-05:00,5.3,3.0,motorola motorola edge 2024,no
20251207,carrier-A,,test_12071506.UE1.json,2025-12-07T15:05:53.654809-05:00,2025-12-07T15:06:21.996638-05:00,0.5,0.1,motorola motorola edge 2024,no
20251207,carrier-A,,test_12071626.UE1.json,2025-12-07T15:06:22.576941-05:00,2025-12-07T16:26:59.210745-05:00,80.6,94.0,motorola motorola edge 2024,yes
20251207,carrier-A,,test_12071738.UE1.json,2025-12-07T16:30:57.418870-05:00,2025-12-07T17:38:13.352503-05:00,67.3,73.4,motorola motorola edge 2024,yes
20251207,carrier-B,,test_12071505.UE1.json,2025-12-07T15:02:33.771527-05:00,2025-12-07T15:05:51.714547-05:00,3.3,2.2,motorola motorola edge 2024,no
20251207,carrier-B,,test_12071506.UE1.json,2025-12-07T15:05:53.176519-05:00,2025-12-07T15:06:22.027358-05:00,0.5,0.3,motorola motorola edge 2024,no
20251207,carrier-B,,test_12071626.UE1.json,2025-12-07T15:06:22.528043-05:00,2025-12-07T16:26:57.910176-05:00,80.6,82.1,motorola motorola edge 2024,yes
20251207,carrier-B,,test_12071630.UE1.json,2025-12-07T16:27:55.282812-05:00,2025-12-07T16:30:57.468587-05:00,3.0,1.1,motorola motorola edge 2024,no
20251207,carrier-B,,test_12071738.UE1.json,2025-12-07T16:30:58.459019-05:00,2025-12-07T17:38:13.440474-05:00,67.2,63.0,motorola motorola edge 2024,yes
20251207,carrier-C,,test_12071505.UE1.json,2025-12-07T15:04:05.985111-05:00,2025-12-07T15:05:53.491804-05:00,1.8,0.8,motorola motorola edge 2024,no
20251207,carrier-C,,test_12071506.UE1.json,2025-12-07T15:05:54.175956-05:00,2025-12-07T15:06:23.897423-05:00,0.5,0.4,motorola motorola edge 2024,no
20251207,carrier-C,,test_12071626.UE1.json,2025-12-07T15:06:24.387272-05:00,2025-12-07T16:26:58.063953-05:00,80.6,93.0,motorola motorola edge 2024,yes
20251207,carrier-C,,test_12071630.UE1.json,2025-12-07T16:27:46.916958-05:00,2025-12-07T16:30:57.905662-05:00,3.2,1.0,motorola motorola edge 2024,no
20251207,carrier-C,,test_12071738.UE1.json,2025-12-07T16:30:58.851127-05:00,2025-12-07T17:38:15.284280-05:00,67.3,71.8,motorola motorola edge 2024,yes
20251207,carrier-D,,test_12071505.UE1.json,2025-12-07T14:57:17.172167-05:00,2025-12-07T15:05:50.885648-05:00,8.6,5.6,motorola motorola edge 2024,no
20251207,carrier-D,,test_12071506.UE1.json,2025-12-07T15:05:52.701251-05:00,2025-12-07T15:06:21.218093-05:00,0.5,0.0,motorola motorola edge 2024,no
20251207,carrier-D,,test_12071626.UE1.json,2025-12-07T15:06:21.699749-05:00,2025-12-07T16:26:56.590295-05:00,80.6,126.4,motorola motorola edge 2024,yes
20251207,carrier-D,,test_12071630.UE1.json,2025-12-07T16:28:04.971758-05:00,2025-12-07T16:30:56.249642-05:00,2.9,0.9,motorola motorola edge 2024,no
20251207,carrier-D,,test_12071738.UE1.json,2025-12-07T16:30:57.038769-05:00,2025-12-07T17:38:12.720381-05:00,67.3,111.1,motorola motorola edge 2024,yes
20260301,carrier-A,01 download-1500M,test_03011206.UE1.json,2026-03-01T12:05:49.324795-05:00,2026-03-01T12:06:55.784703-05:00,1.1,0.2,motorola motorola edge 2024,no
20260301,carrier-A,01 download-1500M,test_03011213.UE1.json,2026-03-01T12:13:01.823023-05:00,2026-03-01T12:13:31.287972-05:00,0.5,0.2,motorola motorola edge 2024,no
20260301,carrier-A,01 download-1500M,test_03011214.UE1.json,2026-03-01T12:13:31.864465-05:00,2026-03-01T12:14:18.870295-05:00,0.8,0.2,motorola motorola edge 2024,no
20260301,carrier-A,01 download-1500M,test_03011309.UE1.json,2026-03-01T12:14:19.581260-05:00,2026-03-01T13:09:22.677192-05:00,55.1,99.5,motorola motorola edge 2024,yes
20260301,carrier-A,02 upload-1000M,test_03011331.UE1.json,2026-03-01T13:30:42.640570-05:00,2026-03-01T13:31:23.123439-05:00,0.7,0.1,motorola motorola edge 2024,no
20260301,carrier-A,02 upload-1000M,test_03011426.UE1.json,2026-03-01T13:31:23.601618-05:00,2026-03-01T14:26:36.469904-05:00,55.2,89.9,motorola motorola edge 2024,yes
20260301,carrier-A,03 download-1000M,test_03011540.UE1.json,2026-03-01T15:40:26.286478-05:00,2026-03-01T15:40:59.252088-05:00,0.5,0.1,motorola motorola edge 2024,no
20260301,carrier-A,03 download-1000M,test_03011642.UE1.json,2026-03-01T16:42:05.119589-05:00,2026-03-01T16:42:24.330428-05:00,0.3,0.0,motorola motorola edge 2024,no
20260301,carrier-A,03 download-1000M,test_03011646.UE1.json,2026-03-01T16:46:09.754982-05:00,2026-03-01T16:46:54.015211-05:00,0.7,0.0,motorola motorola edge 2024,no
20260301,carrier-A,03 download-1000M,test_03011749.UE1.json,2026-03-01T16:48:42.668254-05:00,2026-03-01T17:49:32.355129-05:00,60.8,99.7,motorola motorola edge 2024,yes
20260301,carrier-B,01 download-1500M,test_03011206.UE1.json,2026-03-01T12:06:44.099237-05:00,2026-03-01T12:06:54.890226-05:00,0.2,0.3,motorola motorola edge 2024,no
20260301,carrier-B,01 download-1500M,test_03011213.UE1.json,2026-03-01T12:13:02.301490-05:00,2026-03-01T12:13:30.612427-05:00,0.5,0.1,motorola motorola edge 2024,no
20260301,carrier-B,01 download-1500M,test_03011214.UE1.json,2026-03-01T12:13:31.043531-05:00,2026-03-01T12:14:18.117986-05:00,0.8,0.5,motorola motorola edge 2024,no
20260301,carrier-B,01 download-1500M,test_03011309.UE1.json,2026-03-01T12:14:18.625339-05:00,2026-03-01T13:09:21.937879-05:00,55.1,57.4,motorola motorola edge 2024,yes
20260301,carrier-B,02 upload-1000M,test_03011331.UE1.json,2026-03-01T13:30:43.141426-05:00,2026-03-01T13:31:22.411414-05:00,0.7,0.2,motorola motorola edge 2024,no
20260301,carrier-B,02 upload-1000M,test_03011426.UE1.json,2026-03-01T13:31:22.830301-05:00,2026-03-01T14:26:35.606192-05:00,55.2,54.8,motorola motorola edge 2024,yes
20260301,carrier-B,03 download-1000M,test_03011540.UE1.json,2026-03-01T15:40:25.697830-05:00,2026-03-01T15:40:59.777775-05:00,0.6,0.0,motorola motorola edge 2024,no
20260301,carrier-B,03 download-1000M,test_03011646.UE1.json,2026-03-01T16:46:09.136633-05:00,2026-03-01T16:46:54.686084-05:00,0.8,0.5,motorola motorola edge 2024,no
20260301,carrier-B,03 download-1000M,test_03011749.UE1.json,2026-03-01T16:48:43.190930-05:00,2026-03-01T17:49:33.007326-05:00,60.8,74.6,motorola motorola edge 2024,yes
20260301,carrier-C,01 download-1500M,test_03011206.UE1.json,2026-03-01T12:05:47.439920-05:00,2026-03-01T12:06:55.791100-05:00,1.1,0.7,motorola motorola edge 2024,no
20260301,carrier-C,01 download-1500M,test_03011213.UE1.json,2026-03-01T12:13:02.006649-05:00,2026-03-01T12:13:28.922674-05:00,0.4,0.2,motorola motorola edge 2024,no
20260301,carrier-C,01 download-1500M,test_03011309.UE1.json,2026-03-01T12:14:16.979479-05:00,2026-03-01T13:09:20.155755-05:00,55.1,77.2,motorola motorola edge 2024,yes
20260301,carrier-C,02 upload-1000M,test_03011331.UE1.json,2026-03-01T13:30:42.822564-05:00,2026-03-01T13:31:20.840372-05:00,0.6,0.3,motorola motorola edge 2024,no
20260301,carrier-C,02 upload-1000M,test_03011426.UE1.json,2026-03-01T13:31:21.222563-05:00,2026-03-01T14:26:34.098719-05:00,55.2,67.8,motorola motorola edge 2024,yes
20260301,carrier-C,03 latency-1000M,test_03011540.UE1.json,2026-03-01T15:40:24.288123-05:00,2026-03-01T15:40:59.492932-05:00,0.6,0.1,motorola motorola edge 2024,no
20260301,carrier-C,03 latency-1000M,test_03011642.UE1.json,2026-03-01T16:42:05.973969-05:00,2026-03-01T16:42:21.820451-05:00,0.3,0.0,motorola motorola edge 2024,no
20260301,carrier-C,03 latency-1000M,test_03011646.UE1.json,2026-03-01T16:46:07.624942-05:00,2026-03-01T16:46:54.528906-05:00,0.8,0.2,motorola motorola edge 2024,no
20260301,carrier-C,03 latency-1000M,test_03011749.UE1.json,2026-03-01T16:48:42.989263-05:00,2026-03-01T17:49:32.921409-05:00,60.8,90.1,motorola motorola edge 2024,yes
20260322,carrier-A,01 Download - 1000M,test_03221337.UE1.json,2026-03-22T13:37:30.642165-04:00,2026-03-22T13:37:48.321986-04:00,0.3,0.1,motorola motorola edge 2024,no
20260322,carrier-A,01 Download - 1000M,test_03221439.UE1.json,2026-03-22T13:37:48.620361-04:00,2026-03-22T14:39:53.656619-04:00,62.1,100.5,motorola motorola edge 2024,yes
20260322,carrier-A,01 Download - 1000M,test_03221441.UE1.json,2026-03-22T14:41:01.425981-04:00,2026-03-22T14:41:27.876129-04:00,0.4,0.1,motorola motorola edge 2024,no
20260322,carrier-A,02 Upload - 1000M,test_03221519.UE1.json,2026-03-22T15:19:18.663008-04:00,2026-03-22T15:19:41.961181-04:00,0.4,0.0,motorola motorola edge 2024,no
20260322,carrier-A,02 Upload - 1000M,test_03221619.UE1.json,2026-03-22T15:19:42.427872-04:00,2026-03-22T16:19:46.690860-04:00,60.1,76.9,motorola motorola edge 2024,yes
20260322,carrier-A,03 Latency,test_03221639.UE1.json,2026-03-22T16:39:40.474645-04:00,2026-03-22T16:39:59.749095-04:00,0.3,0.1,motorola motorola edge 2024,no
20260322,carrier-A,03 Latency,test_03221743.UE1.json,2026-03-22T16:40:00.054060-04:00,2026-03-22T17:43:05.837696-04:00,63.1,58.7,motorola motorola edge 2024,yes
20260322,carrier-B,01 Download - 1000M,test_03221337.UE1.json,2026-03-22T13:37:31.449870-04:00,2026-03-22T13:37:49.123585-04:00,0.3,0.3,motorola motorola edge 2024,no
20260322,carrier-B,01 Download - 1000M,test_03221439.UE1.json,2026-03-22T13:37:49.545546-04:00,2026-03-22T14:39:54.242839-04:00,62.1,64.9,motorola motorola edge 2024,yes
20260322,carrier-B,01 Download - 1000M,test_03221441.UE1.json,2026-03-22T14:41:16.007864-04:00,2026-03-22T14:41:28.286758-04:00,0.2,0.2,motorola motorola edge 2024,no
20260322,carrier-B,02 Upload - 1000M,test_03221519.UE1.json,2026-03-22T15:19:19.312799-04:00,2026-03-22T15:19:42.535962-04:00,0.4,0.1,motorola motorola edge 2024,no
20260322,carrier-B,02 Upload - 1000M,test_03221619.UE1.json,2026-03-22T15:19:42.826803-04:00,2026-03-22T16:19:47.257774-04:00,60.1,51.0,motorola motorola edge 2024,yes
20260322,carrier-B,03 Latency,test_03221639.UE1.json,2026-03-22T16:39:41.170073-04:00,2026-03-22T16:40:00.224775-04:00,0.3,0.4,motorola motorola edge 2024,no
20260322,carrier-B,03 Latency,test_03221743.UE1.json,2026-03-22T16:40:00.684832-04:00,2026-03-22T17:43:04.994686-04:00,63.1,18.4,motorola motorola edge 2024,yes
20260322,carrier-C,01 Download - 1000M,test_03221337.UE1.json,2026-03-22T13:37:31.743506-04:00,2026-03-22T13:37:49.319717-04:00,0.3,0.1,motorola motorola edge 2024,no
20260322,carrier-C,01 Download - 1000M,test_03221439.UE1.json,2026-03-22T13:37:49.619342-04:00,2026-03-22T14:39:54.448623-04:00,62.1,97.4,motorola motorola edge 2024,yes
20260322,carrier-C,01 Download - 1000M,test_03221441.UE1.json,2026-03-22T14:40:42.861157-04:00,2026-03-22T14:41:28.337064-04:00,0.8,0.5,motorola motorola edge 2024,no
20260322,carrier-C,02 Upload - 1000M,test_03221519.UE1.json,2026-03-22T15:19:19.334262-04:00,2026-03-22T15:19:42.539234-04:00,0.4,0.0,motorola motorola edge 2024,no
20260322,carrier-C,02 Upload - 1000M,test_03221619.UE1.json,2026-03-22T15:19:42.992799-04:00,2026-03-22T16:19:47.264434-04:00,60.1,76.4,motorola motorola edge 2024,yes
20260322,carrier-C,03 Latency,test_03221639.UE1.json,2026-03-22T16:39:41.413039-04:00,2026-03-22T16:40:00.228364-04:00,0.3,0.2,motorola motorola edge 2024,no
20260322,carrier-C,03 Latency,test_03221743.UE1.json,2026-03-22T16:40:00.598586-04:00,2026-03-22T17:43:05.701693-04:00,63.1,63.7,motorola motorola edge 2024,yes
20260329,carrier-A,01 Download - 1000M,test_03291358.UE1.json,2026-03-29T13:58:10.551278-04:00,2026-03-29T13:58:30.693764-04:00,0.3,0.1,motorola motorola edge 2024,no
20260329,carrier-A,01 Download - 1000M,test_03291458.UE1.json,2026-03-29T13:58:31.216490-04:00,2026-03-29T14:59:02.271150-04:00,60.5,99.0,motorola motorola edge 2024,yes
20260329,carrier-A,02 Upload - 1000M,test_03291540.UE1.json,2026-03-29T15:40:08.620677-04:00,2026-03-29T15:40:40.512692-04:00,0.5,0.3,motorola motorola edge 2024,no
20260329,carrier-A,02 Upload - 1000M,test_03291641.UE1.json,2026-03-29T15:40:41.046044-04:00,2026-03-29T16:41:58.787927-04:00,61.3,84.7,motorola motorola edge 2024,yes
20260329,carrier-A,03 Latency,test_03291816.UE1.json,2026-03-29T17:19:31.175517-04:00,2026-03-29T18:16:55.088571-04:00,57.4,63.5,motorola motorola edge 2024,yes
20260329,carrier-A,04 Download - 1000M,test_03291931.UE1.json,2026-03-29T18:32:14.685012-04:00,2026-03-29T19:31:49.549172-04:00,59.6,81.0,motorola motorola edge 2024,yes
20260329,carrier-B,01 Download - 1000M,test_03291358.UE1.json,2026-03-29T13:58:09.502194-04:00,2026-03-29T13:58:29.613921-04:00,0.3,0.1,motorola motorola edge 2024,no
20260329,carrier-B,01 Download - 1000M,test_03291458.UE1.json,2026-03-29T13:58:30.037424-04:00,2026-03-29T14:59:01.269849-04:00,60.5,76.8,motorola motorola edge 2024,yes
20260329,carrier-B,02 Upload - 1000M,test_03291540.UE1.json,2026-03-29T15:40:09.374196-04:00,2026-03-29T15:40:41.132357-04:00,0.5,0.0,motorola motorola edge 2024,no
20260329,carrier-B,02 Upload - 1000M,test_03291641.UE1.json,2026-03-29T15:40:41.634631-04:00,2026-03-29T16:41:59.500357-04:00,61.3,66.7,motorola motorola edge 2024,yes
20260329,carrier-B,03 Latency,test_03291816.UE1.json,2026-03-29T17:19:31.306877-04:00,2026-03-29T18:16:55.414211-04:00,57.4,45.1,motorola motorola edge 2024,yes
20260329,carrier-B,04 Download - 1000M,test_03291931.UE1.json,2026-03-29T18:32:15.423286-04:00,2026-03-29T19:31:50.504002-04:00,59.6,68.7,motorola motorola edge 2024,yes
20260329,carrier-C,01 Download - 1000M,test_03291358.UE1.json,2026-03-29T13:58:11.614356-04:00,2026-03-29T13:58:31.673653-04:00,0.3,0.1,motorola motorola edge 2024,no
20260329,carrier-C,01 Download - 1000M,test_03291458.UE1.json,2026-03-29T13:58:32.067368-04:00,2026-03-29T14:59:03.486173-04:00,60.5,82.2,motorola motorola edge 2024,yes
20260329,carrier-C,02 Upload - 1000M,test_03291540.UE1.json,2026-03-29T15:40:10.438829-04:00,2026-03-29T15:40:41.862421-04:00,0.5,0.3,motorola motorola edge 2024,no
20260329,carrier-C,02 Upload - 1000M,test_03291641.UE1.json,2026-03-29T15:40:42.393099-04:00,2026-03-29T16:42:00.350721-04:00,61.3,99.2,motorola motorola edge 2024,yes
20260329,carrier-C,04 Download - 1000M,test_03291931.UE1.json,2026-03-29T18:32:16.099345-04:00,2026-03-29T19:31:51.400625-04:00,59.6,75.0,motorola motorola edge 2024,yes
20260412,carrier-A,1 Download - 1000M,test_04121529.UE1.json,2026-04-12T14:25:33.826878-04:00,2026-04-12T15:29:13.081614-04:00,63.7,85.2,motorola motorola edge 2024,yes
20260412,carrier-A,2 Upload - 1000M,test_04121243.UE1.json,2026-04-12T12:42:54.190508-04:00,2026-04-12T12:43:10.969929-04:00,0.3,0.1,motorola motorola edge 2024,no
20260412,carrier-A,2 Upload - 1000M,test_04121349.UE1.json,2026-04-12T12:45:21.457237-04:00,2026-04-12T13:49:59.384978-04:00,64.6,89.1,motorola motorola edge 2024,yes
20260412,carrier-B,1 Download - 1000M,test_04121529.UE1.json,2026-04-12T14:25:33.488895-04:00,2026-04-12T15:29:12.756572-04:00,63.7,66.2,motorola motorola edge 2024,yes
20260412,carrier-B,2 Upload - 1000M,test_04121243.UE1.json,2026-04-12T12:42:53.883899-04:00,2026-04-12T12:43:10.800716-04:00,0.3,0.1,motorola motorola edge 2024,no
20260412,carrier-B,2 Upload - 1000M,test_04121349.UE1.json,2026-04-12T12:45:21.156242-04:00,2026-04-12T13:49:59.235425-04:00,64.6,53.4,motorola motorola edge 2024,yes
20260412,carrier-C,1 Download - 1000M (some issue of iperf3),test_04121529.UE1.json,2026-04-12T14:25:35.291558-04:00,2026-04-12T15:29:14.515415-04:00,63.7,76.7,motorola motorola edge 2024,yes
20260412,carrier-C,2 Upload - 1000M,test_04121243.UE1.json,2026-04-12T12:42:55.573401-04:00,2026-04-12T12:43:12.548245-04:00,0.3,0.1,motorola motorola edge 2024,no
20260412,carrier-C,2 Upload - 1000M,test_04121349.UE1.json,2026-04-12T12:45:22.895174-04:00,2026-04-12T13:50:01.005564-04:00,64.6,81.3,motorola motorola edge 2024,yes
20260419,carrier-A,1 Upload - 1000Mbps,test_04191506.UE1.json,2026-04-19T14:02:54.416473-04:00,2026-04-19T15:06:07.712543-04:00,63.2,86.1,motorola motorola edge 2024,yes
20260419,carrier-A,2 Download - 1000Mbps - maybe traffic not generated correctly - detour at some point,test_04191624.UE1.json,2026-04-19T15:21:57.249828-04:00,2026-04-19T16:25:00.131621-04:00,63.0,70.3,motorola motorola edge 2024,yes
20260419,carrier-A,3 Latency,test_04191754.UE1.json,2026-04-19T16:58:38.493527-04:00,2026-04-19T17:54:22.665535-04:00,55.7,38.5,motorola motorola edge 2024,yes
20260419,carrier-A,4 Download - 1000Mbps - maybe traffic not generated correctly,test_04191907.UE1.json,2026-04-19T18:08:40.365207-04:00,2026-04-19T19:07:17.477825-04:00,58.6,86.7,motorola motorola edge 2024,yes
20260419,carrier-B,1 Upload - 1000Mbps,test_04191506.UE1.json,2026-04-19T14:02:56.128269-04:00,2026-04-19T15:06:09.747002-04:00,63.2,65.3,motorola motorola edge 2024,yes
20260419,carrier-B,2 Download - 1000Mbps - detour at some point,test_04191624.UE1.json,2026-04-19T15:21:58.868701-04:00,2026-04-19T16:25:01.905578-04:00,63.1,63.8,motorola motorola edge 2024,yes
20260419,carrier-B,3 Latency,test_04191754.UE1.json,2026-04-19T16:58:38.823025-04:00,2026-04-19T17:54:24.378366-04:00,55.8,52.2,motorola motorola edge 2024,yes
20260419,carrier-B,4 Download - 1000Mbps - maybe traffic not generated correctly,test_04191907.UE1.json,2026-04-19T18:08:41.031621-04:00,2026-04-19T19:07:18.289283-04:00,58.6,71.0,motorola motorola edge 2024,yes
20260419,carrier-C,1 Upload - 1000Mbps,test_04191506.UE1.json,2026-04-19T14:02:55.552494-04:00,2026-04-19T15:06:11.159754-04:00,63.3,75.5,motorola motorola edge 2024,yes
20260419,carrier-C,2 Download - 1000Mbps - detour at some point,test_04191624.UE1.json,2026-04-19T15:22:03.861206-04:00,2026-04-19T16:25:01.451435-04:00,63.0,81.5,motorola motorola edge 2024,yes
20260419,carrier-C,3 Latency,test_04191754.UE1.json,2026-04-19T16:58:36.872846-04:00,2026-04-19T17:54:23.934985-04:00,55.8,72.6,motorola motorola edge 2024,yes
20260419,carrier-C,4 Download - 1000Mbps,test_04191907.UE1.json,2026-04-19T18:08:40.617163-04:00,2026-04-19T19:07:17.691257-04:00,58.6,79.0,motorola motorola edge 2024,yes
20260425,carrier-A,1 Upload - 1000M - the first 3 iperf measurements are the same location,test_04191907.UE1.json,2026-04-19T18:08:40.365207-04:00,2026-04-19T19:07:17.477825-04:00,58.6,86.7,motorola motorola edge 2024,yes
20260425,carrier-A,1 Upload - 1000M - the first 3 iperf measurements are the same location,test_04251141.UE1.json,2026-04-25T10:44:13.091836-04:00,2026-04-25T11:41:24.958286-04:00,57.2,71.7,motorola motorola edge 2024,yes
20260425,carrier-A,2 Download - 1000M,test_04251247.UE1.json,2026-04-25T11:52:35.212148-04:00,2026-04-25T12:48:00.000992-04:00,55.4,43.5,motorola motorola edge 2024,yes
20260425,carrier-B,1 Upload - 1000M - the first 3 iperf measurements are the same location,test_04251141.UE1.json,2026-04-25T10:44:13.328935-04:00,2026-04-25T11:41:25.409409-04:00,57.2,47.9,motorola motorola edge 2024,yes
20260425,carrier-B,2 Download - 1000M,test_04251247.UE1.json,2026-04-25T11:52:35.275821-04:00,2026-04-25T12:47:58.711902-04:00,55.4,56.1,motorola motorola edge 2024,yes
20260425,carrier-B,3 Latency,test_04251400.UE1.json,2026-04-25T13:10:23.463248-04:00,2026-04-25T14:00:56.878602-04:00,50.6,39.6,motorola motorola edge 2024,yes
20260425,carrier-C,1 Upload - 1000M - the first 3 iperf measurements are the same location,test_04251141.UE1.json,2026-04-25T10:44:15.360106-04:00,2026-04-25T11:41:27.628423-04:00,57.2,69.1,motorola motorola edge 2024,yes
20260425,carrier-C,2 Download - 1000M,test_04251247.UE1.json,2026-04-25T11:52:37.248430-04:00,2026-04-25T12:47:59.096704-04:00,55.4,64.9,motorola motorola edge 2024,yes
20260425,carrier-C,3 Latency,test_04251401.UE1.json,2026-04-25T13:10:25.590254-04:00,2026-04-25T14:01:53.944632-04:00,51.5,56.9,motorola motorola edge 2024,yes
20260426,carrier-A,1 Upload - 1000M,test_04261201.UE1.json,2026-04-26T10:57:21.187184-04:00,2026-04-26T12:01:36.992284-04:00,64.3,88.0,motorola motorola edge 2024,yes
20260426,carrier-A,2 Download - 1000M,test_04261316.UE1.json,2026-04-26T12:14:15.350518-04:00,2026-04-26T13:16:54.276707-04:00,62.6,91.3,motorola motorola edge 2024,yes
20260426,carrier-A,3 Latency,test_04261657.UE1.json,2026-04-26T16:01:08.016728-04:00,2026-04-26T16:57:05.010859-04:00,55.9,37.9,motorola motorola edge 2024,yes
20260426,carrier-B,1 Upload - 1000M,test_04261201.UE1.json,2026-04-26T10:57:22.407932-04:00,2026-04-26T12:01:38.314114-04:00,64.3,52.8,motorola motorola edge 2024,yes
20260426,carrier-B,2 Download - 1000M,test_04261316.UE1.json,2026-04-26T12:14:16.581330-04:00,2026-04-26T13:16:55.710259-04:00,62.7,33.0,motorola motorola edge 2024,yes
20260426,carrier-B,3 Latency - not correctly recorded,test_04261657.UE1.json,2026-04-26T16:01:08.721493-04:00,2026-04-26T16:57:05.799538-04:00,56.0,45.2,motorola motorola edge 2024,yes
20260426,carrier-C,1 Upload - 1000M,test_04261201.UE1.json,2026-04-26T10:57:24.008600-04:00,2026-04-26T12:01:40.056410-04:00,64.3,75.7,motorola motorola edge 2024,yes
20260426,carrier-C,2 Download - 1000M,test_04261316.UE1.json,2026-04-26T12:14:18.155236-04:00,2026-04-26T13:16:57.389001-04:00,62.7,77.6,motorola motorola edge 2024,yes
20260426,carrier-C,3 Latency,test_04261657.UE1.json,2026-04-26T16:01:09.335874-04:00,2026-04-26T16:57:06.501779-04:00,56.0,90.3,motorola motorola edge 2024,yes
20260502,carrier-A,01 Download - 20Mbps50mins,test_05021612.UE1.json,2026-05-02T15:14:34.456229-04:00,2026-05-02T16:12:24.794744-04:00,57.8,97.1,motorola motorola edge 2024,yes
20260502,carrier-A,02 Upload - 20Mbps1hr,test_05021740.UE1.json,2026-05-02T16:36:10.812306-04:00,2026-05-02T17:40:17.953436-04:00,64.1,80.6,motorola motorola edge 2024,yes
20260502,carrier-A,03 Download - 30Mbps1hr,test_05022013.UE1.json,2026-05-02T19:11:23.451404-04:00,2026-05-02T20:13:59.591085-04:00,62.6,114.3,motorola motorola edge 2024,yes
20260502,carrier-B,01 Download - 20Mbps50mins,test_05021612.UE1.json,2026-05-02T15:14:35.225206-04:00,2026-05-02T16:12:24.168181-04:00,57.8,79.2,motorola motorola edge 2024,yes
20260502,carrier-B,02 Upload - 20Mbps1hr,test_05021740.UE1.json,2026-05-02T16:36:11.524440-04:00,2026-05-02T17:40:18.742712-04:00,64.1,60.7,motorola motorola edge 2024,yes
20260502,carrier-B,03 Download - 30Mbps1hr,test_05022014.UE1.json,2026-05-02T19:11:24.460221-04:00,2026-05-02T20:14:20.597018-04:00,62.9,92.3,motorola motorola edge 2024,yes
20260502,carrier-C,01 Download - 20Mbps50mins,test_05021612.UE1.json,2026-05-02T15:14:37.262318-04:00,2026-05-02T16:12:24.944925-04:00,57.8,68.0,motorola motorola edge 2024,yes
20260502,carrier-C,02 Upload - 20Mbps1hr,test_05021740.UE1.json,2026-05-02T16:36:13.646874-04:00,2026-05-02T17:40:20.833715-04:00,64.1,69.0,motorola motorola edge 2024,yes
20260502,carrier-C,03 Download - 30Mbps1hr,test_05022013.UE1.json,2026-05-02T19:11:25.278820-04:00,2026-05-02T20:13:15.583602-04:00,61.8,74.2,motorola motorola edge 2024,yes
20260510,carrier-A,1 Upload - Continous 30Mbps,test_05101345.UE1.json,2026-05-10T12:42:19.887422-04:00,2026-05-10T13:45:07.360025-04:00,62.8,110.1,motorola motorola edge 2024,yes
20260510,carrier-A,2 Download - Continous 50Mbps - iperf stopped at some time point so no data gen for a moment,test_05101508.UE1.json,2026-05-10T14:06:35.143125-04:00,2026-05-10T15:08:15.763009-04:00,61.7,62.7,motorola motorola edge 2024,yes
20260510,carrier-A,3 Latency,test_05101652.UE1.json,2026-05-10T15:55:04.281211-04:00,2026-05-10T16:52:35.997327-04:00,57.5,44.2,motorola motorola edge 2024,yes
20260510,carrier-B,1 Upload - Continous 30Mbps,test_05101345.UE1.json,2026-05-10T12:42:19.498998-04:00,2026-05-10T13:45:08.267149-04:00,62.8,63.7,motorola motorola edge 2024,yes
20260510,carrier-B,2 Download - Continous 50Mbps,test_05101508.UE1.json,2026-05-10T14:06:35.921035-04:00,2026-05-10T15:08:16.662507-04:00,61.7,89.7,motorola motorola edge 2024,yes
20260510,carrier-B,3 Latency,test_05101652.UE1.json,2026-05-10T15:55:07.821363-04:00,2026-05-10T16:52:36.804572-04:00,57.5,48.3,motorola motorola edge 2024,yes
20260510,carrier-C,1 Upload - Continous 30Mbps,test_05101345.UE1.json,2026-05-10T12:42:20.361785-04:00,2026-05-10T13:45:10.274260-04:00,62.8,63.8,motorola motorola edge 2024,yes
20260510,carrier-C,2 Download - Continous 50Mbps - iperf stopped almost at the end,test_05101508.UE1.json,2026-05-10T14:06:37.795602-04:00,2026-05-10T15:08:18.752305-04:00,61.7,78.7,motorola motorola edge 2024,yes
20260510,carrier-C,"3 Latency - twamp, several crash so many missing data",test_05101652.UE1.json,2026-05-10T15:55:09.932208-04:00,2026-05-10T16:52:38.894321-04:00,57.5,84.7,motorola motorola edge 2024,yes
